id,section_id,section_name,question,option_a,option_b,option_c,option_d,correct_answer,explanation,difficulty
1,1,Responsible AI and XAI Taxonomy,Which of the following is NOT one of the core principles of Responsible AI mentioned in the text?,Fairness,Transparency,Computational Efficiency,Accountability,C,"Computational Efficiency is not listed as a core pillar; the pillars include Fairness, Transparency, Accountability, Privacy, and Safety/Reliability.",easy
2,1,Responsible AI and XAI Taxonomy,What defines a 'Black Box Model' in machine learning?,A model whose internal parameters and decision-making processes cannot be easily understood by humans.,A model that only accepts categorical input variables.,A model built exclusively for unsupervised learning tasks.,A model that is intrinsically interpretable.,A,Black box models are models that cannot be understood by looking at their internal parameters.,easy
3,1,Responsible AI and XAI Taxonomy,"In the context of XAI, what is the primary difference between Interpretability and Explainability?",Explainability is open by design; Interpretability requires post-hoc tools.,Interpretability refers to a model's intrinsic simple design; Explainability involves external tools to clarify complex models.,Interpretability applies to Deep Learning; Explainability applies to Linear Regression.,There is no difference; the terms mean exactly the same thing.,B,"Interpretability means the model is intrinsically open by design, while explainability involves post-hoc external tools applied to complex models.",medium
4,1,Responsible AI and XAI Taxonomy,"According to the taxonomy of XAI, which 'Scope' evaluates the overall behavior of the entire model?",Local Methods,Intrinsic Methods,Global Methods,Counterfactual Methods,C,Global methods seek to explain the predictions of the overall model using a comprehensive top-down approach.,easy
5,1,Responsible AI and XAI Taxonomy,Which of the following questions does a 'Local Method' in XAI seek to answer?,How does the overall model work?,Why was this specific prediction made for this one instance?,What are the most important features across the entire dataset?,How do changes in hyperparameters affect the model's accuracy?,B,"Local methods explain how a specific sample is mapped to its output, answering 'Why this prediction?'.",easy
6,1,Responsible AI and XAI Taxonomy,Which XAI method category operates on the dataset itself before the model is even built?,Post-Hoc,Pre-Model,Intrinsic,Agnostic,B,Pre-model methods operate independently of the model and are applied directly to the dataset itself.,medium
7,1,Responsible AI and XAI Taxonomy,A decision tree is categorized as which type of model in the XAI taxonomy?,Intrinsic (Self-explanatory),Black Box,Post-Hoc,Model-Agnostic,A,"Decision trees have a simple, visible structure and are considered intrinsically interpretable models.",easy
8,1,Responsible AI and XAI Taxonomy,LIME (Local Interpretable Model-Agnostic Explanations) is an example of what type of XAI method?,Global,Pre-Model,Local,Intrinsic,C,"LIME stands for Local Interpretable Model-Agnostic Explanations, making it a Local method.",medium
9,1,Responsible AI and XAI Taxonomy,Partial Dependence Plots (PDP) are an example of which type of method?,Local,Global,Counterfactual,Example-based,B,Partial Dependence Plots (PDP) are global methods because they unveil model insights top-down.,medium
10,1,Responsible AI and XAI Taxonomy,What does 'Model-Agnostic' mean in the context of XAI tools?,The tool relies on accessing the internal weights of the neural network.,The tool can only be applied to decision trees.,The tool works by analyzing feature input and output pairs and can be applied to any machine learning model.,The tool cannot be used on black-box models.,C,Model-agnostic tools can be applied to any machine learning model post-training by analyzing input/output pairs.,medium
11,1,Responsible AI and XAI Taxonomy,Which type of explanation focuses on the human question: 'How do input features need to change to achieve a different outcome?',Example-based Explanations,Contrastive Explanations,Global Explanations,Counterfactual Explanations,D,Counterfactual explanations answer the question of how input features need to change to achieve a different outcome.,medium
12,1,Responsible AI and XAI Taxonomy,When is Explainable AI (XAI) generally considered UNNECESSARY?,When the model makes decisions about medical diagnoses.,When the problem is well-studied and the model has no significant impact.,When the model is a complex deep neural network.,When dealing with real-world bias.,B,XAI is generally not needed when the problem is well-studied and the model has no significant impact.,medium
13,1,Responsible AI and XAI Taxonomy,"In the context of Responsible AI, what does the principle of 'Safety and Reliability' ensure?",AI systems do not leak patient data.,"AI operates correctly, consistently, and fails safely to prevent harmful behavior.",AI decisions should not amplify bias.,AI decisions are easily understandable.,B,"Safety and reliability ensure the AI operates correctly, consistently, securely, and fails safely.",easy
14,1,Responsible AI and XAI Taxonomy,What type of explanation focuses on answering the human question: 'Similar to what?',Example-based Explanations,Contrastive Explanations,What-if Explanations,Local Explanations,A,Example-based explanations use instance similarity to answer 'Similar to what?'.,medium
15,1,Responsible AI and XAI Taxonomy,Which of the following models typically has the highest accuracy but the lowest interpretability?,Linear Regression,"Neural Networks (MLPs, RNNs)",Single Decision Trees,Logistic Regression,B,Neural networks are black-box models with high accuracy but very low interpretability.,easy
16,1,Responsible AI and XAI Taxonomy,Which of the following tools is a widely recognized XAI Tool mentioned in the text?,Pandas,SHAP,Scikit-learn,Matplotlib,B,SHAP (SHapley Additive exPlanations) is explicitly listed as an XAI tool.,easy
17,1,Responsible AI and XAI Taxonomy,What type of explanation answers the question 'Why X not Y?',What-If Explanations,Global Explanations,Contrastive Explanations,Counterfactual Explanations,C,Contrastive explanations compare outcomes to answer 'Why X not Y?'.,medium
18,2,EDA and Graphical Methods,Which measure of central tendency is the most appropriate for handling missing values in categorical data?,Mean,Median,Mode,Standard Deviation,C,The Mode is the most common value and is used for filling missing values in categorical data.,easy
19,2,EDA and Graphical Methods,Which measure of central tendency is calculated as the middle value when the data is sorted in ascending order?,Mean,Mode,Median,Range,C,The Median is the middle value when data is sorted in ascending order (the 50th percentile).,easy
20,2,EDA and Graphical Methods,What is the defining characteristic of the 'Mean' regarding its weaknesses?,It does not use all data points.,It is highly sensitive to outliers.,It can only be used on categorical data.,It is only useful for skewed distributions.,B,The mean is highly sensitive to outliers because its mathematical calculation includes all extreme values.,easy
21,2,EDA and Graphical Methods,"In Exploratory Data Analysis, what does the 'Interquartile Range' (IQR) represent?",The maximum value minus the minimum value.,The difference between the 75th percentile (Q3) and the 25th percentile (Q1).,The average squared deviation from the mean.,The square root of the variance.,B,"The IQR measures the spread of the middle 50% of data, calculated as Q3 - Q1.",easy
22,2,EDA and Graphical Methods,"If a dataset has a 'Leptokurtic' distribution, what does this indicate about its shape?",It has zero skewness and looks like a perfect bell curve.,"It has light tails, a flatter peak, and fewer outliers.","It has heavy tails, a sharper peak, and indicates the presence of outliers.",It is strictly bimodal.,C,"Positive kurtosis (Leptokurtic) indicates data with heavy tails, a sharper peak, and the presence of outliers.",medium
23,2,EDA and Graphical Methods,"According to the standard deviation method for outlier detection, data points are considered outliers if they fall beyond which threshold?",Mean plus/minus 1 sigma,Mean plus/minus 2 sigma,Mean plus/minus 3 sigma,Mean plus/minus 4 sigma,C,The standard deviation method marks points as outliers if they fall beyond mean plus/minus 3 standard deviations.,medium
24,2,EDA and Graphical Methods,"Using the IQR method, which formula correctly identifies an outlier?",Values below Q1 - 1.5*IQR or above Q3 + 1.5*IQR,Values below Q2 - 1.5*IQR or above Q2 + 1.5*IQR,Values below Q1 - 3*IQR or above Q3 + 3*IQR,Values below Q1 - sigma or above Q3 + sigma,A,The IQR rule defines outliers as points below Q1 - 1.5*IQR or above Q3 + 1.5*IQR.,medium
25,2,EDA and Graphical Methods,"A distribution with a long right tail, where the majority of data points are concentrated on the left, is described as:",Left-Skewed (Negative Skewness),Right-Skewed (Positive Skewness),Mesokurtic,Symmetrical,B,Right-skewed (positive skewness) data has a long right tail with the majority of points on the left.,easy
26,2,EDA and Graphical Methods,Which of the following univariate graphical methods combines the features of a boxplot and a kernel density plot?,Histogram,Joint Plot,Pair Plot,Violin Plot,D,A violin plot combines a boxplot with a smoothed probability density function (PDF).,medium
27,2,EDA and Graphical Methods,What is a key limitation of a Boxplot compared to a Histogram?,A boxplot cannot show the median.,A boxplot cannot show outliers.,A boxplot cannot answer if the data is bimodal or multimodal.,A boxplot cannot display the IQR.,C,A boxplot cannot answer if data is bimodal or multimodal because it does not show the density distribution like a histogram.,medium
28,2,EDA and Graphical Methods,Which graphical method is used to visualize the correlation matrix between all features using colors?,Parallel Coordinate Plot,Heatmap,Histogram,Boxplot,B,Heatmaps visualize the correlation matrix between features using colors.,easy
29,2,EDA and Graphical Methods,Which method combines a scatter plot with marginal histograms or density plots to visualize the relationship between two variables?,Joint Distribution Plot,Heatmap,Violin Plot,Cluster Map,A,Joint distribution plots combine scatter plots with marginal histograms to visualize relationships and individual distributions.,medium
30,2,EDA and Graphical Methods,"In a boxplot, what does the line inside the box represent?",The Mean,The Mode,The Median (Q2),The Standard Deviation,C,The line inside the box of a boxplot represents the median (Q2) of the data.,easy
31,2,EDA and Graphical Methods,What is the primary advantage of a Parallel Coordinate Plot?,It visualizes high-dimensional multivariate data in a 2D space using lines traversing vertical axes.,It calculates the exact Pearson correlation coefficient between two numeric variables.,It combines a histogram with a smoothed probability density function.,It clusters data automatically using dendrograms.,A,Parallel Coordinate Plots visualize high-dimensional data in 2D space by representing features as parallel vertical axes.,medium
32,2,EDA and Graphical Methods,The kurtosis of a normal distribution (Mesokurtic) serves as the baseline. What constant is subtracted to center normal kurtosis at zero?,1,2,3,4,C,The kurtosis formula subtracts 3 to center the normal distribution's kurtosis at zero.,hard
33,2,EDA and Graphical Methods,What information is represented by the 'whiskers' of a boxplot?,The exact mode of the dataset.,The standard deviation from the mean.,They extend to the smallest and largest values within 1.5*IQR from the quartiles.,They represent the probability density function of the data.,C,"Whiskers extend to the smallest and largest non-outlier values within 1.5*IQR, showing tail length.",medium
34,2,EDA and Graphical Methods,"In a Cluster Map, what visual element is added to a heatmap to show how variables or observations are grouped?",Marginal histograms,Dendrograms,Smooth density curves,Boxplots,B,Cluster maps extend heatmaps by adding row and column dendrograms to show hierarchical groupings.,medium
35,3,Multivariate Correlation,Pearson's Correlation Coefficient specifically measures what type of relationship between two numeric datasets?,Monotonic relationship,Linear relationship,Non-linear relationship,Categorical association,B,Pearson's coefficient specifically measures the linear correlation between two numeric variables.,easy
36,3,Multivariate Correlation,What is the mathematical range of the Pearson Correlation Coefficient?,0 to 1,-1 to 1,1 to 10,Negative infinity to positive infinity,B,The Pearson correlation coefficient ranges from -1 to 1.,easy
37,3,Multivariate Correlation,Which of the following scores indicates a 'Strong Positive Correlation' using Pearson's coefficient?,0 <= |r| < 0.3,0.3 <= |r| < 0.5,0.5 <= |r| <= 1,Exactly 0,C,A score of 0.5 <= |r| <= 1 indicates a strong linear correlation.,medium
38,3,Multivariate Correlation,Spearman's Rank Correlation Coefficient differs from Pearson's because it measures:,Only perfect linear relationships.,The strength of association between categorical variables.,The monotonicity of the relation using ranked variables instead of raw data.,The variance between a categorical and a numeric variable.,C,Spearman evaluates monotonic relationships by calculating the differences between feature ranks instead of raw values.,medium
39,3,Multivariate Correlation,When should you choose Spearman's correlation over Pearson's?,When variables are expected to have a perfect linear relationship and no outliers exist.,"When dealing with two continuous, normally distributed variables.","When the data is ordinal, not normally distributed, or contains outliers.",When you want to measure the entropy between categorical features.,C,Spearman is less sensitive to outliers and should be used for ordinal data or non-normally distributed data.,medium
40,3,Multivariate Correlation,"In the Spearman formula, what does d_i represent?",The absolute numerical difference between two data points.,The difference in ranks between the two ranked features for a given data point.,The standard deviation of the dataset.,The variance between groups.,B,The variable d_i represents the difference in ranks between the two features for a given observation.,hard
41,3,Multivariate Correlation,What does the Uncertainty Coefficient measure?,The linear correlation between two continuous variables.,The monotonic relationship between ranked ordinal data.,The strength of association between two categorical variables based on entropy.,The variance of a numeric mean across different categories.,C,The Uncertainty Coefficient measures the strength of association between categorical variables by quantifying uncertainty (entropy) reduction.,hard
42,3,Multivariate Correlation,What does an Uncertainty Coefficient value of 1 indicate?,Knowing variable Y provides no reduction in uncertainty for predicting X.,Knowing variable Y allows for the perfect prediction of variable X.,The two variables have a perfect negative linear correlation.,The variables are completely independent.,B,"A score of 1 means a complete reduction in uncertainty, allowing perfect prediction of X knowing Y.",medium
43,3,Multivariate Correlation,The Correlation Ratio (eta) measures the strength of association between which types of variables?,Two numeric variables,Two categorical variables,One categorical variable and one numeric variable,One ordinal variable and one categorical variable,C,The Correlation Ratio measures the association between one continuous/numeric variable and one categorical variable.,medium
44,3,Multivariate Correlation,"If the Correlation Ratio (eta) is exactly 0, what does this indicate?",Knowing the category allows perfect prediction of the numerical variable.,The variables have a perfect positive monotonic relationship.,Knowing the category does not help in predicting the numerical variable (no association).,The data points are perfectly normally distributed.,C,A Correlation Ratio of 0 indicates no association between the categorical and numerical variables.,medium
45,3,Multivariate Correlation,Which of the following methods utilizes conditional entropy H(X|Y) in its calculation?,Pearson's Correlation Coefficient,Spearman's Rank Correlation Coefficient,Correlation Ratio,Uncertainty Coefficient,D,The Uncertainty Coefficient uses conditional entropy H(X|Y) to calculate uncertainty reduction.,hard
46,3,Multivariate Correlation,Which correlation measure is described as being very sensitive to outliers because it uses actual data values?,Spearman's Correlation,Pearson's Correlation,Uncertainty Coefficient,Correlation Ratio,B,"Pearson's correlation is very sensitive to outliers because its calculation uses actual, raw numerical data values.",medium
47,3,Multivariate Correlation,"In the Correlation Ratio formula (eta = sqrt(SSB/SST)), what does SSB represent?",Sum of Squares Total (total variance of data),Sum of Squares Between groups (variance between different categories),Standard deviation of a Single Batch,Sum of Spearman Bounds,B,"SSB stands for Sum of Squares Between groups, measuring variance between different categories.",hard
48,3,Multivariate Correlation,A Spearman correlation coefficient of -1 indicates:,No association between ranks.,A perfect positive monotonic relationship.,A perfect negative association of rank.,The data points are perfectly clustered.,C,A value of -1 in Spearman's coefficient means a perfect negative association of rank.,easy
49,3,Multivariate Correlation,"If two numeric features are highly correlated with each other in a dataset, what is the best practice during feature selection?",Keep both features to maximize the model's accuracy.,Select one feature from the pair to avoid multicollinearity/redundancy.,Convert both features to categorical variables.,Add them together to create a new feature.,B,"If features are highly correlated with each other, one should be selected to avoid multicollinearity.",medium
50,3,Multivariate Correlation,Which correlation metric is most useful for identifying non-linear relationships between a numeric and a categorical variable?,Pearson's Correlation Coefficient,Correlation Ratio (eta),Uncertainty Coefficient,Spearman's Correlation Coefficient,B,The Correlation Ratio is highly useful for identifying non-linear associations between a categorical and a numeric variable.,medium
51,4,Hypothesis Testing and Feature Selection,"In Hypothesis Testing, what does the Null Hypothesis (H0) typically represent?",The assumption that the alternative hypothesis is true.,"The default assumption that there is no effect, no difference, or no relationship.",The assumption that the p-value is exactly 1.,The conclusion that features are perfectly correlated.,B,"The null hypothesis (H0) is the default assumption that there is no effect, difference, or association.",easy
52,4,Hypothesis Testing and Feature Selection,"In hypothesis testing, if the calculated p-value is less than or equal to the significance level (alpha), what is the correct decision?",Fail to reject the null hypothesis.,Reject the null hypothesis (evidence supports the alternative hypothesis).,Ignore the test and use a different model.,Increase the significance level.,B,"A p-value <= alpha provides strong evidence against the null hypothesis, so you reject it.",medium
53,4,Hypothesis Testing and Feature Selection,Which of the following defines a 'Filter Method' in feature selection?,It iteratively adds or removes features based on their performance with a selected machine learning model.,"It integrates the feature selection directly into the model training process (e.g., Lasso).",It evaluates each feature using specific statistical measures independent of any machine learning model.,It relies purely on the missing value ratio.,C,Filter methods evaluate features using statistical measures (like Information Gain) independently of the ML model.,medium
54,4,Hypothesis Testing and Feature Selection,What is the primary disadvantage of Wrapper Methods compared to Filter Methods?,They are less accurate.,They are highly computationally expensive and time-consuming.,They cannot capture feature interactions.,They are model-agnostic.,B,"Wrapper methods evaluate combinations by training models, making them highly computationally expensive and time-consuming.",medium
55,4,Hypothesis Testing and Feature Selection,Information Gain measures the reduction in what metric when a particular feature is known?,Variance,Kurtosis,Entropy (uncertainty),Standard Deviation,C,Information Gain calculates the reduction in entropy (uncertainty) of the target variable when a feature is known.,medium
56,4,Hypothesis Testing and Feature Selection,The Chi-square test evaluates the association between:,Two numeric variables,One numeric and one categorical variable,Two categorical variables,A continuous target and a ranked feature,C,The Chi-square test exclusively evaluates the association between two categorical variables.,medium
57,4,Hypothesis Testing and Feature Selection,"In the Chi-square formula, what does E_i stand for?",Entropy Index,Expected frequency,Exact variance,Error margin,B,E_i stands for the Expected frequency under the assumption of independence.,medium
58,4,Hypothesis Testing and Feature Selection,What does an ANOVA test determine?,The monotonic relationship between two ranked variables.,If there are significant differences between the means of three or more groups.,The exact correlation coefficient of two numeric features.,The entropy of a categorical target.,B,ANOVA checks if there are significant differences between the variances/means of three or more groups.,medium
59,4,Hypothesis Testing and Feature Selection,"In ANOVA, what does a high F-statistic (F = MSB/MSW) mathematically indicate?",Group means are highly overlapped and not much different from the grand mean.,The variance within groups is much larger than the variance between groups.,Group means are significantly spread out compared to the variability within groups.,The features have absolutely no impact on the dependent variable.,C,A high F-statistic means the group means are spread out significantly compared to the internal group variability (MSW).,hard
60,4,Hypothesis Testing and Feature Selection,Which wrapper method starts with an empty feature set and iteratively adds the feature that improves model performance the most?,Backward Selection,Forward Selection,Recursive Feature Elimination (RFE),Exhaustive Feature Selection,B,Forward selection starts empty and iteratively adds the best-performing feature.,medium
61,4,Hypothesis Testing and Feature Selection,Lasso regularization is an example of which type of feature selection method?,Filter Method,Wrapper Method,Embedded Method,Unsupervised Method,C,Lasso regularization embeds feature selection directly into the model training process by penalizing coefficients.,hard
62,4,Hypothesis Testing and Feature Selection,The Relief Algorithm evaluates a feature by analyzing the distance between a randomly selected instance and what two other points?,The mean and the median.,The 'near-hit' (same class) and 'near-miss' (different class) nearest neighbors.,The local outlier factor and the centroid.,The maximum and minimum values of that feature.,B,Relief evaluates features based on distances to the nearest neighbor of the same class (near-hit) and different class (near-miss).,hard
63,4,Hypothesis Testing and Feature Selection,"In the Relief Algorithm weight update formula, if a feature's value is very different from its 'near-hit', what happens to the feature's weight?",It is penalized (subtracted).,It is rewarded (added).,It is multiplied by the arithmetic mean.,It remains unchanged.,A,"If a feature value is very different from its near-hit, it fails to group same-class instances and is penalized (weight subtracted).",hard
64,4,Hypothesis Testing and Feature Selection,The Dispersion Ratio is an Unsupervised Feature Selection technique calculated as:,Mean / Standard Deviation,Variance / Mean,Arithmetic Mean / Geometric Mean,Median / Mode,C,The Dispersion Ratio is the Arithmetic Mean (AM) divided by the Geometric Mean (GM).,hard
65,4,Hypothesis Testing and Feature Selection,Which statistical test is specifically used to compare the mean accuracy of two classifiers on a validation set?,Chi-square test,t-test,Durbin-Watson test,Variance Thresholding,B,A t-test is used to compare the mean accuracy of two classifiers on a validation set.,medium
66,4,Hypothesis Testing and Feature Selection,Which unsupervised feature selection method removes features that cross a predefined threshold of missing data?,Dispersion Ratio,Missing Value Ratio,Recursive Feature Elimination,Information Gain,B,The Missing Value Ratio simply evaluates the proportion of missing data to remove sparse features.,easy
67,4,Hypothesis Testing and Feature Selection,"If you have limited computational resources and a massive dataset, which feature selection technique is the most practical choice?",Exhaustive Feature Selection (Wrapper),Recursive Feature Elimination (Wrapper),"Filter Methods (e.g., Information Gain, Chi-Square)",Backward Selection (Wrapper),C,"Filter methods are fast, computationally inexpensive, and ideal for large datasets with limited resources.",medium
68,5,Interpretable Models (Linear and Logistic Regression),The basic equation for a Linear Regression model is:,y = sum(w_i * x_i) + b,y = log(x / (1-x)),y = 1 - sum(p_i^2),y = sqrt(SSB / SST),A,The linear regression model equation calculates predictions as y = sum(w_i * x_i) + b.,easy
69,5,Interpretable Models (Linear and Logistic Regression),"In a Linear Regression model, if a numeric feature X1 increases by 1 unit, what happens to the predicted outcome y?",It increases exponentially.,It increases or decreases exactly by the feature's weight (w1).,It increases by the intercept (b).,It is unaffected unless other features also change.,B,A 1-unit increase in a numeric feature changes the predicted output directly by that feature's assigned weight (w_i).,medium
70,5,Interpretable Models (Linear and Logistic Regression),Which linear regression assumption states that the variance of the residuals must remain constant over the entire feature space?,Linearity,Normality,Homoscedasticity,Independence,C,Homoscedasticity is the assumption that the variance of the residuals remains constant over the feature space.,medium
71,5,Interpretable Models (Linear and Logistic Regression),"To validate the Linearity and Homoscedasticity assumptions of a Linear Regression model, which diagnostic plot is used?",Q-Q Plot,Boxplot,Residual Plot against predicted values,Pair Plot,C,A residual plot displaying residuals against predicted values validates linearity and homoscedasticity.,medium
72,5,Interpretable Models (Linear and Logistic Regression),"When analyzing a Residual plot, what pattern indicates that the Homoscedasticity and Linearity assumptions are MET?",Residuals form a clear curved pattern.,The spread of residuals increases in a cone shape as predicted y increases.,Residuals are randomly scattered around zero with no clear pattern.,Residuals cluster tightly into two distinct modes.,C,Random scatter around zero with no pattern confirms that linearity and constant variance assumptions hold.,medium
73,5,Interpretable Models (Linear and Logistic Regression),Which diagnostic plot is specifically used to validate the 'Normality' of residuals in a linear regression model?,Scatter plot with a regression line,Residual Plot,Q-Q Plot,Joint Distribution Plot,C,A Q-Q plot specifically validates the normality of the residuals.,medium
74,5,Interpretable Models (Linear and Logistic Regression),"In a Q-Q plot, how do the points appear if the residual data is perfectly normally distributed?",They form a bell curve.,"They align tightly along a straight, diagonal line.",They form a curved line resembling an S.,They are randomly scattered in all four quadrants.,B,"In a Q-Q plot, normally distributed residuals align tightly along a straight, diagonal theoretical line.",medium
75,5,Interpretable Models (Linear and Logistic Regression),The Durbin-Watson Test is used to check for the presence of what in a regression model?,Homoscedasticity,Multicollinearity,Normal distribution of errors,Autocorrelation (testing the Independence assumption),D,"The Durbin-Watson test checks for autocorrelation, validating the independence assumption.",hard
76,5,Interpretable Models (Linear and Logistic Regression),The Durbin-Watson statistic falls on a scale from 0 to 4. What does a score of exactly 2 suggest?,Perfect positive autocorrelation.,Perfect negative autocorrelation.,No autocorrelation (errors are independent).,The residuals are perfectly normally distributed.,C,A Durbin-Watson score of exactly 2 (or near 2) indicates no autocorrelation.,hard
77,5,Interpretable Models (Linear and Logistic Regression),"If a linear regression model receives a Durbin-Watson statistic significantly less than 2, what does this indicate?",The presence of positive autocorrelation.,The presence of negative autocorrelation.,High multicollinearity between features.,A violation of the linearity assumption.,A,A Durbin-Watson score less than 2 indicates the presence of positive autocorrelation.,hard
78,5,Interpretable Models (Linear and Logistic Regression),Which statistical test is used to measure the significance of each individual regression coefficient in a linear regression model?,ANOVA F-test,Chi-Square test,t-test (t-statistic),Uncertainty Coefficient,C,A t-test (using a t-statistic) is used to measure if a specific regression coefficient is significantly different from zero.,medium
79,5,Interpretable Models (Linear and Logistic Regression),Logistic regression is primarily used for which type of machine learning task?,Predicting a continuous numeric variable.,Binary classification (outputting a probability between 0 and 1).,Unsupervised clustering.,Dimensionality reduction.,B,"Logistic regression is used for binary classification, outputting a probability between 0 and 1.",easy
80,5,Interpretable Models (Linear and Logistic Regression),"In Logistic Regression, the 'odds' of an event occurring are calculated as:",log(y_hat / (1 - y_hat)),The ratio between the probability of an event occurring and the probability of it not occurring.,The natural logarithm of the predicted probability.,1 - y_hat,B,The odds are the pure ratio between the probability of the event occurring (y_hat) and not occurring (1-y_hat).,medium
81,5,Interpretable Models (Linear and Logistic Regression),The log-odds (logit function) maps the linear equation to probabilities. The mathematical expression for the log-odds is:,1 - sum(p_i^2),log(y_hat / (1 - y_hat)),e^(w^T * x),y_hat / (1 + y_hat),B,The log-odds (logit) function is the natural logarithm of the odds ratio: log(y_hat / (1-y_hat)).,hard
82,5,Interpretable Models (Linear and Logistic Regression),"In a Logistic Regression model, what is the effect of a feature having a positive coefficient weight (w_i > 0)?",An increase in that feature decreases the log-odds and the probability of the outcome.,An increase in that feature increases the log-odds and the probability of the outcome.,The feature has zero impact on the final outcome.,It makes the decision boundary non-linear.,B,"A positive weight means an increase in the feature increases the log-odds, thereby increasing the probability of the outcome.",medium
83,5,Interpretable Models (Linear and Logistic Regression),"To test the significance of coefficients in a Logistic Regression model, which statistical test is typically used with large sample sizes?",t-test,Z-test,F-test,Durbin-Watson test,B,"Because coefficients approach a normal distribution in large samples, a Z-test is used for logistic regression coefficients.",hard
84,6,Tree-based Models and RuleFit,A Decision Tree is classified as what type of machine learning algorithm?,"Parametric, unsupervised","Parametric, supervised","Non-parametric, supervised","Non-parametric, unsupervised",C,"A Decision Tree is a non-parametric, supervised learning algorithm.",medium
85,6,Tree-based Models and RuleFit,"In a Decision Tree structure, what does a 'leaf node' represent?",A feature,A decision rule,The root of the dataset,A final outcome or prediction,D,A leaf node represents the final outcome or prediction of the decision path.,easy
86,6,Tree-based Models and RuleFit,The ID3 decision tree algorithm uses which mathematical measures as its splitting criterion?,Gini Impurity and Variance Reduction,Entropy and Information Gain,Gain Ratio,Mean Squared Error,B,ID3 uses Entropy and Information Gain to find the attribute that best separates the data.,medium
87,6,Tree-based Models and RuleFit,The C4.5 algorithm is an extension of ID3. What does it use as its splitting criterion to avoid favoring features with many unique values?,Gini Impurity,Cost Complexity,Variance Reduction,Gain Ratio,D,"C4.5 uses the Gain Ratio, which normalizes Information Gain to handle features with many unique values fairly.",hard
88,6,Tree-based Models and RuleFit,The CART algorithm constructs what specific type of tree structure?,Multi-way split trees only.,Strictly binary trees.,Unsupervised clustering trees.,Deep neural networks.,B,CART (Classification and Regression Trees) generates strictly binary trees (exactly two children per node).,medium
89,6,Tree-based Models and RuleFit,"For classification tasks, the CART algorithm determines the 'best' split using which mathematical criterion?",Entropy,Gain Ratio,Gini Impurity,Variance Reduction,C,"For classification, CART uses Gini Impurity to minimize the probability of misclassification.",medium
90,6,Tree-based Models and RuleFit,The mathematical formula for Gini Impurity is:,1 - sum(p_i^2),sum((y_i - y_bar)^2) / N,log(p_i),AM / GM,A,"Gini Impurity is calculated as 1 - sum(p_i^2), where p_i is the proportion of elements in class i.",medium
91,6,Tree-based Models and RuleFit,"If a node contains only instances of a single class, what is its Gini Impurity score?",1,0.5,0,-1,C,A pure node (only one class) has a Gini Impurity score of exactly 0.,easy
92,6,Tree-based Models and RuleFit,"For a binary classification problem, what is the Gini Impurity score if elements are perfectly uniformly distributed (equal instances per class)?",0,0.5,1,0.25,B,"If uniformly distributed between 2 classes, the Gini score is 1 - (0.5^2 + 0.5^2) = 0.5.",hard
93,6,Tree-based Models and RuleFit,"When the CART algorithm is used for Regression tasks, what criterion does it use to find the best split?",Gini Impurity,Information Gain,Entropy,Variance Reduction,D,"For regression, CART evaluates splits by finding the maximum Variance Reduction.",medium
94,6,Tree-based Models and RuleFit,"In the CART algorithm for regression, the Variance Reduction is mathematically calculated as:",Parent variance + Child variances,Left variance / Right variance,Parent variance - Child variances,MSB / MSW,C,Variance Reduction is calculated by subtracting the weighted variance of the child nodes from the parent node's variance.,hard
95,6,Tree-based Models and RuleFit,Which technique stops a decision tree from growing before it reaches its full extent to avoid overfitting?,Pre-pruning (Early stopping),Post-pruning,Bagging,Bootstrapping,A,Pre-pruning (early stopping) limits tree growth based on strict criteria like max depth to avoid overfitting.,medium
96,6,Tree-based Models and RuleFit,"Random Forest is an ensemble technique that merges multiple decision trees. For a classification task, how does a Random Forest generate its final prediction?",By averaging the predictions of all trees.,By selecting the tree with the lowest depth.,By using majority voting across all trees.,By calculating the Gini impurity of the combined trees.,C,"For classification, Random Forest aggregates the individual tree predictions using majority voting.",medium
97,6,Tree-based Models and RuleFit,Random Forests use a technique called 'Bagging' to create training subsets. What does Bagging (Bootstrap Aggregation) specifically involve?,Sampling the data without replacement.,Sampling the data with replacement.,Using only the most important features for every tree.,Dropping rows with missing values.,B,"Bagging relies on Bootstrap sampling, which means sampling the training data with replacement.",medium
98,6,Tree-based Models and RuleFit,The RuleFit algorithm works by integrating decision trees with which other type of model?,Deep Neural Networks,Support Vector Machines,"Sparse Linear Models (e.g., Lasso)",K-Nearest Neighbors,C,RuleFit extracts decision paths from trees and fits a sparse linear model (like Lasso) using those paths as variables.,hard
99,6,Tree-based Models and RuleFit,"In the RuleFit algorithm, how are the rules extracted from the decision trees utilized?","They are converted into binary features (1 if the rule applies, 0 otherwise) and fed into a linear model.",They are used to recursively prune a separate random forest.,They calculate the Gini impurity of the entire dataset.,They are discarded in favor of raw numerical data.,A,Rules extracted from trees are converted into binary features (0 or 1) and fed into the linear equation.,hard
100,6,Tree-based Models and RuleFit,What is a primary advantage of the RuleFit algorithm over standard linear models?,It requires zero computational power.,It automatically captures and adds feature interactions to the linear model.,It relies entirely on unsupervised learning.,It completely eliminates the need for any feature selection.,B,RuleFit automatically captures complex feature interactions from trees and makes them interpretable within a linear model.,hard
101,7,Global Model-Agnostic Methods,Global model-agnostic interpretability methods are designed to provide insights into:,How a neural network processes image pixels in its final layer.,How the model makes predictions overall across the entire dataset.,Why a model made a specific prediction for a single data instance.,How to manually engineer features for a linear regression model.,B,"Global methods provide an overall understanding of the model's behavior across the entire dataset, rather than specific predictions.",easy
102,7,Global Model-Agnostic Methods,What does PDP stand for in the context of Explainable AI?,Pixel Dependence Plot,Permutation Data Profile,Partial Dependence Plot,Predictive Distribution Plot,C,PDP stands for Partial Dependence Plot.,easy
103,7,Global Model-Agnostic Methods,How does a Partial Dependence Plot (PDP) measure the effect of a feature on the target variable?,By marginalizing over all other features in the feature set and calculating the average prediction.,By completely dropping all other features from the dataset and retraining the model.,By shuffling the values of the target feature and measuring the error drop.,By isolating the feature into superpixels and measuring local gradients.,A,PDP measures the effect of a feature by marginalizing over all other features in the feature set.,medium
104,7,Global Model-Agnostic Methods,"In the mathematical formula for the Partial Dependence (PD) function of feature $x_1$, what operation is applied to the model predictions $f(x_1, x_{2,j}, \dots, x_{d,j})$?",The maximum value across all samples is taken.,The values are multiplied by the Shapley base value.,They are averaged across all $n$ samples in the dataset.,They are accumulated and centered around zero.,C,The PD function calculates the average prediction across all $n$ samples when the feature of interest is fixed.,hard
105,7,Global Model-Agnostic Methods,"When interpreting a one-way PDP, what does a perfectly flat line indicate?",A strong positive correlation between the feature and the target.,The feature has little to no effect on the predicted outcome.,The feature interacts heavily with another hidden feature.,The model is overfitting the training data.,B,A flat line suggests that changing the feature has little to no effect on the predicted outcome.,easy
106,7,Global Model-Agnostic Methods,"When analyzing a two-way PDP, what visual pattern indicates an interaction between the two features of interest?",The generated lines or contours are completely parallel.,"The plot shows a flat, uniform color surface.","The lines or contours are non-parallel, or the plot shows a complex surface with peaks and valleys.",The axes are perfectly symmetrical.,C,Non-parallel lines or a complex surface with peaks and valleys indicates an interaction between the two features.,medium
107,7,Global Model-Agnostic Methods,What is the biggest assumption and potential limitation of Partial Dependence Plots (PDP)?,They assume the machine learning model is a decision tree.,They assume the dataset contains no categorical variables.,They assume that the features are independent and have no correlation with one another.,They assume that Shapley values are calculated perfectly.,C,The biggest issue with PDP is the assumption of independence; it assumes the target feature is not correlated with other features.,medium
108,7,Global Model-Agnostic Methods,"If a feature has a positive association with the target in one interval and a negative association in another, PDP might average these to a flat line. This limitation is known as:",The Permutation Error,The Local Fidelity Problem,Hiding Heterogeneous Effects,The Base Value Bias,C,Heterogeneous effects might be hidden if counteracting positive and negative forces cancel each other out during averaging.,medium
109,7,Global Model-Agnostic Methods,What does ICE stand for?,Individual Conditional Expectation,Independent Class Evaluation,Interpretable Categorical Effects,Instance Correlation Estimator,A,ICE stands for Individual Conditional Expectation.,easy
110,7,Global Model-Agnostic Methods,What is the key difference in output between an ICE plot and a Partial Dependence Plot (PDP)?,PDP plots one line per instance; ICE plots one average line.,PDP plots a single average line; ICE plots a separate line for each individual data instance.,PDP is local; ICE is strictly global.,PDP works for regression; ICE only works for classification.,B,"While PDP plots one average line for the overall effect, ICE plots a separate prediction line for each individual data instance.",medium
111,7,Global Model-Agnostic Methods,ICE plots are particularly useful for uncovering which of the following that PDPs often mask?,The total training time of the model.,The $R^2$ accuracy of the black box model.,Heterogeneous effects and feature interactions.,The exact gradient of the loss function.,C,ICE plots clearly show heterogeneous effects and feature interactions by displaying individual prediction lines.,easy
112,7,Global Model-Agnostic Methods,What is a primary visual weakness or limitation of ICE plots?,They cannot display categorical features.,"They become visually cluttered when there are many lines, making it easy to miss important trends.",They require 3D contour mapping to be interpreted.,They always evaluate to exactly zero at the origin.,B,A limitation of ICE is visual clutter; many lines make it hard to read and easy to miss important relations.,easy
113,7,Global Model-Agnostic Methods,What does ALE stand for?,Average Local Expectations,Accumulated Local Effects,Aggregated Linear Estimations,Absolute Local Errors,B,ALE stands for Accumulated Local Effects.,easy
114,7,Global Model-Agnostic Methods,Why is the ALE plot considered an unbiased alternative to the Partial Dependence Plot (PDP) when dealing with correlated features?,ALE completely drops correlated features from the dataset before analysis.,ALE forces all data instances to have the same category.,"ALE focuses on the local effects of the feature within small intervals, rather than generating unrealistic combinations across the whole feature space.",ALE uses deep neural networks to approximate the correlations.,C,"ALE is unbiased because it focuses on local effects within small intervals, avoiding the creation of fake/unrealistic combinations caused by correlations.",medium
115,7,Global Model-Agnostic Methods,"In the calculation of ALE, after the feature space is divided into intervals, what is computed for the data points within a specific interval?",The difference in model prediction when the feature is replaced with the upper and lower limits of that interval.,The absolute error between the prediction and the ground truth.,The total number of missing values.,The Shapley value of the feature for that specific instance.,A,It calculates the difference in prediction when the feature is replaced with the upper and lower limits of the interval ($\Delta f_i$).,hard
116,7,Global Model-Agnostic Methods,"Why are the local effects in an ALE plot ""accumulated"" across intervals?",To convert a regression problem into a classification problem.,"To capture the overall impact of changing the feature value from its minimum up to that interval, providing a global perspective.",To increase the visual clutter of the plot.,To find the exact pixel gradients of an image.,B,"Accumulating the effects captures the overall impact of changing the feature across its entire range, bridging local effects to a global perspective.",medium
117,7,Global Model-Agnostic Methods,What is the final step applied to the accumulated values before plotting an ALE plot?,Applying a ReLU activation function.,Multiplying by a Gaussian RBF kernel.,Centering the effects around zero by subtracting the mean of the accumulated effects.,Taking the natural logarithm of the values.,C,The final step is centering the accumulated effects by subtracting the mean of the accumulated effects to plot around zero.,hard
118,7,Global Model-Agnostic Methods,"In an ALE plot, if the line exhibits a steep slope in a certain region, what does this indicate?",The feature has no influence on the prediction in that region.,There is a strong effect of the feature on the prediction in that region.,The model has completely failed to learn from the data.,The feature is perfectly correlated with the target variable.,B,A steep slope suggests a strong effect of the feature on the prediction in that specific region.,easy
119,7,Global Model-Agnostic Methods,Which global feature importance method measures a feature's importance by randomly shuffling its values and calculating the drop in model accuracy?,Individual Conditional Expectation (ICE),Leave One Feature Out (LOFO),Permutation Feature Importance (PFI),Local Interpretable Model-Agnostic Explanations (LIME),C,Permutation Feature Importance (PFI) measures importance by shuffling a feature's values and evaluating the performance drop.,easy
120,7,Global Model-Agnostic Methods,"In Permutation Feature Importance (PFI), the importance quotient is mathematically calculated as:",$Error_{orig} / Error_{perm}$,$Error_{perm} / Error_{orig}$,$Error_{perm} + Error_{orig}$,$1 - Error_{orig}$,B,PFI is calculated as the quotient $Error_{perm} / Error_{orig}$ (or as their difference).,hard
121,7,Global Model-Agnostic Methods,Does Permutation Feature Importance (PFI) require the machine learning model to be retrained?,"Yes, the model must be retrained for every feature permutation.","Yes, but only for the top 5 most important features.","No, it uses the already trained model and simply feeds it shuffled testing data.","No, it skips the model entirely and only evaluates raw data variance.",C,PFI is quick to compute because it does not require models to be retrained; it only uses permuted testing data.,medium
122,7,Global Model-Agnostic Methods,"If two features are highly correlated, what misleading result often occurs when calculating marginal PFI?",The model crashes due to infinite loops.,The importance of both features is artificially inflated.,"The model still accesses the information via the correlated feature, resulting in an erroneously low reported importance for both.",The features are automatically combined into a superpixel.,C,"Because the model still accesses the correlated information, shuffling one feature causes little error drop, leading to misleadingly low importance for both.",hard
123,7,Global Model-Agnostic Methods,What does LOFO stand for?,Local Optimization For Outcomes,Linear Order Feature Outcomes,Leave One Feature Out,Local Outlier Factor Optimization,C,LOFO stands for Leave One Feature Out.,easy
124,7,Global Model-Agnostic Methods,How does LOFO calculate feature importance compared to PFI?,LOFO shuffles the data without retraining; PFI retrains the model.,LOFO physically removes the feature from the dataset and completely retrains the model; PFI only shuffles the data without retraining.,LOFO uses an interpretable linear surrogate; PFI uses a decision tree.,There is no difference; they are two names for the same algorithm.,B,"LOFO removes the feature from the training data and retrains the model completely, whereas PFI only shuffles data without retraining.",medium
125,7,Global Model-Agnostic Methods,"In LOFO, what does a negative importance score indicate?",The feature is the most important feature in the dataset.,"Removing the feature actually improves the model's performance, indicating the feature adds noise.",The model's loss function has reached a global minimum.,The feature is perfectly correlated with the target.,B,"A negative LOFO score occurs when removing a feature improves performance, indicating the feature was adding noise.",medium
126,7,Global Model-Agnostic Methods,"When using a performance metric where ""larger is better"" (such as accuracy) to evaluate LOFO, what mathematical adjustment must be made to the difference $(Error_{orig} - Error_{without})$?",Multiply the difference by -1.,Take the square root of the difference.,Add the base Shapley value to it.,Divide by the number of samples.,A,"When using metrics where larger is better, the difference must be multiplied by -1 so that a performance drop yields a positive importance score.",hard
127,7,Global Model-Agnostic Methods,"If two features are perfectly correlated, what is the expected LOFO importance behavior if one is removed?",The importance will skyrocket.,The performance will drop to zero.,"There will be no drop in performance because the other feature still carries the information, leading to a low importance score.",The model will generate a complex 2D interaction surface.,C,"Removing one correlated feature does not hurt performance because the duplicate retains the info, resulting in low/zero LOFO importance.",medium
128,7,Global Model-Agnostic Methods,What is a suggested strategy to handle highly correlated features before applying PFI or LOFO?,Multiply the features together to create a polynomial feature.,"Cluster the correlated features and either keep only one from each cluster, or permute/drop them together as a group.",Convert the features into image pixels.,Duplicate the features to increase their weight.,B,"A suggested solution is to cluster correlated features and keep only one from each cluster, or permute/drop them as a group.",medium
129,7,Global Model-Agnostic Methods,What is the primary goal of a Global Surrogate Model?,To find the optimal hyperparameters for a neural network.,To train an interpretable model (like a decision tree) to approximate and explain the predictions of a complex black-box model.,To cluster image pixels into semantic groupings.,To compute the exact Shapley values for all data points simultaneously.,B,A global surrogate aims to create an interpretable model that approximates the behavior and predictions of a black-box model.,easy
130,7,Global Model-Agnostic Methods,"When training a Global Surrogate Model, what is used as the target variable ($Y$) for the surrogate?",The original ground-truth labels of the training dataset.,The predictions generated by the complex black-box model.,The permutation feature importance scores.,The raw feature inputs.,B,The surrogate model is trained using the original input features and the black-box model's predictions as the target variable.,medium
131,7,Global Model-Agnostic Methods,Which mathematical metric is primarily used to evaluate how well a surrogate model approximates the black-box model?,The $R^2$ metric ($1 - SSE/SST$),Intersection over Union (IoU),The Gini Impurity index,The Gaussian RBF kernel score,A,The $R^2$ metric (based on SSE/SST) assesses how well the surrogate approximates the original model's predictions.,hard
132,8,Local Model-Agnostic Methods,Local Model-Agnostic Explanation methods focus on answering which of the following questions?,How does the model behave across the entire dataset?,"Why did the ML model give this specific prediction for this single, specific instance?",What is the average effect of changing feature X1?,How many layers does the CNN have?,B,"Local methods focus on explaining why the ML model gave a specific prediction for a single, specific data instance.",easy
133,8,Local Model-Agnostic Methods,What does LIME stand for?,Local Interpretable Model-Agnostic Explanations,Linear Instance Mapping Evaluator,Local Integrated Machine Explanations,Latent Image Masking Estimator,A,LIME stands for Local Interpretable Model-Agnostic Explanations.,easy
134,8,Local Model-Agnostic Methods,What is LIME's core intuitive approach to explaining a black-box model?,It retrains the entire black-box model from scratch without the most important feature.,"It approximates the complex decision boundary of the black-box model locally around the instance by fitting a simpler, interpretable model.",It computes the exact Shapley value using cooperative game theory.,It upsamples the final convolutional layer of a CNN.,B,"LIME's core idea is to approximate the complex decision boundary locally by fitting a simpler, interpretable surrogate model.",medium
135,8,Local Model-Agnostic Methods,"During LIME's data perturbation step, what is generated?",A single counterfactual instance where the target outcome is reversed.,A completely new decision tree.,"A new local dataset created by making small, random changes to the original instance's features.",A partial dependence contour map.,C,"LIME generates a new local dataset by making small, random changes (perturbations) to the original instance's features.",medium
136,8,Local Model-Agnostic Methods,Why does LIME apply weights to the newly generated perturbed samples?,To guarantee global fidelity across the entire dataset.,To ensure the local surrogate model pays more attention to points that are closer to the original instance of interest.,To penalize features with high variance.,To increase the dimensionality of the dataset.,B,"Weighting ensures 'local fidelity,' forcing the interpretable model to accurately mimic the black box only in the immediate neighborhood.",medium
137,8,Local Model-Agnostic Methods,Which specific weighting function does LIME typically use to assign proximity weights?,A Gaussian (RBF) Kernel,The Sigmoid function,A ReLU activation,Global Average Pooling,A,LIME typically assigns weights using a Gaussian (RBF) Kernel based on distance.,hard
138,8,Local Model-Agnostic Methods,How does LIME generate perturbed variations for numerical tabular data?,"By turning the numerical values ""on"" or ""off"".",By selecting values from a normal distribution where the mean is the original instance value and the standard deviation is estimated from the training data.,By replacing the number with the dataset's global maximum.,By grouping numbers into superpixels.,B,"For tabular data, LIME draws new values from a normal distribution using the original value as the mean and the training data's standard deviation.",hard
139,8,Local Model-Agnostic Methods,How does LIME generate perturbed variations for text data?,By translating the text into a different language.,By replacing words with their antonyms.,"By randomly turning words ""on"" (keeping them) or ""off"" (removing them) in the sample.",By sorting the words alphabetically.,C,"For text, LIME creates variations by randomly turning words 'on' (keep) or 'off' (remove).",easy
140,8,Local Model-Agnostic Methods,"When applying LIME to image data, what concept is used to group neighboring pixels with similar colors and intensity?",Octaves,Superpixels,Bounding boxes,Saliency clusters,B,LIME groups similar neighboring pixels into clusters called Superpixels.,easy
141,8,Local Model-Agnostic Methods,"For an image divided into 10 superpixels, what does the feature vector used by LIME's local interpretable model look like?",A 10x10 matrix of RGB values.,A single continuous value representing the average color.,"A vector of length 10 containing ""1"" if the superpixel is kept (""on"") and ""0"" if it is masked (""off"").",A continuous vector representing the gradient of the loss function.,C,"The feature vector is binary, containing '1' if a superpixel is on/kept and '0' if it is off/replaced.",medium
142,8,Local Model-Agnostic Methods,"Once LIME fits a sparse linear model, what indicates the importance of a feature in the local region?",The number of perturbed samples generated.,The magnitude of the linear model's coefficients.,The width of the Gaussian kernel.,The global average of the feature.,B,"In a linear model, the magnitude of the coefficients indicates the importance of each feature in the local region.",medium
143,8,Local Model-Agnostic Methods,Which of the following is a known limitation of LIME?,It only works on decision trees.,The explanations are highly sensitive to the choice of kernel width and can be unstable across repeated sampling.,It cannot process image or text data.,"It strictly calculates exact Shapley values, making it too slow.",B,"LIME's explanations are highly sensitive to the chosen kernel width and the sampling process, which can alter the resulting explanation.",medium
144,8,Local Model-Agnostic Methods,Shapley values originate from which specific branch of mathematics?,Differential Geometry,Cooperative Game Theory,Topology,Boolean Algebra,B,Shapley values are based on Cooperative Game Theory.,easy
145,8,Local Model-Agnostic Methods,"In the context of Shapley values for ML interpretability, the feature values of the specific instance are treated as:",The payout,The game,The players,The coalition boundaries,C,The individual feature values of the specific instance are considered the 'players' in the game.,easy
146,8,Local Model-Agnostic Methods,"How is the ""Payout"" defined when calculating Shapley values for an ML prediction?",The absolute sum of all feature values.,The difference between the actual prediction for the instance and the average prediction across all instances in the dataset.,The maximum possible prediction minus the minimum possible prediction.,The $R^2$ accuracy of the model.,B,The payout is the actual prediction for the instance minus the baseline (average) prediction across the dataset.,medium
147,8,Local Model-Agnostic Methods,A Shapley value is mathematically defined as the average _________ of a feature across all possible coalitions.,Marginal contribution,Standard deviation,Variance reduction,Permutation error,A,The Shapley value is the average marginal contribution of a feature across all possible coalitions of features.,medium
148,8,Local Model-Agnostic Methods,What is the primary computational problem with calculating exact Shapley values?,They can only be calculated for linear models.,They evaluate to zero if features are correlated.,"Generating all possible permutations of features takes an exponentially large amount of time, making it computationally expensive.",They require the dataset to have exactly three features.,C,"Evaluating all possible coalitions grows exponentially, making exact Shapley values computationally expensive.",medium
149,8,Local Model-Agnostic Methods,What does SHAP stand for?,Simple Heuristic Attribution Processing,Simulated Hierarchical Activation Pooling,SHapley Additive exPlanations,Semantic Heatmap Attribution Plots,C,SHAP stands for SHapley Additive exPlanations.,easy
150,8,Local Model-Agnostic Methods,SHAP bridges the gap between which two interpretability concepts?,Global Surrogates and Partial Dependence Plots,LIME (local surrogates) and game-theoretic Shapley values,Vanilla Gradients and Grad-CAM,Feature Visualization and Network Dissection,B,SHAP unifies LIME (local interpretable models) and Shapley values (game theory).,medium
151,8,Local Model-Agnostic Methods,SHAP explains a prediction using a linear formulation: $g(z') = \phi_0 + \sum \phi_j z'_j$. What does $\phi_0$ represent?,The Shapley value of feature $j$.,The base value (average prediction of the model).,The penalty term for complex coalitions.,The Gaussian RBF weight.,B,"$\phi_0$ represents the base value, which is the average prediction of the model.",hard
152,8,Local Model-Agnostic Methods,"In KernelSHAP, the coalition vector $Z'$ consists of what types of values?",The original continuous numerical feature values.,"Exactly 0 or 1, indicating whether a feature is absent or present in the coalition.",Pixel gradients ranging from -1 to 1.,The standard deviation of the training data.,B,"The coalition vector $Z'$ consists of {0, 1} values indicating if a feature is absent (0) or present (1).",medium
153,8,Local Model-Agnostic Methods,"According to the SHAP weighting function $\pi_x(Z')$, which coalitions receive the LARGEST weights?",Only mid-size coalitions (where exactly half the features are present).,Only coalitions where all features are absent.,Small coalitions (few features present) and large coalitions (almost all features present).,Coalitions that contain highly correlated features.,C,KernelSHAP gives the largest weights to small coalitions (few features) and large coalitions (almost all features).,hard
154,8,Local Model-Agnostic Methods,Why do mid-sized coalitions receive the smallest weights in KernelSHAP?,They cause the linear model to crash.,They offer fewer insights into a single feature's contribution due to the many interacting features involved.,They perfectly mimic the average prediction baseline.,They violate the rules of cooperative game theory.,B,Mid-size coalitions get smaller weights because the numerous involved features provide less clear insight into a single feature's contribution.,hard
155,8,Local Model-Agnostic Methods,How is global feature importance calculated using SHAP values?,By finding the single instance with the highest SHAP value.,By averaging the absolute SHAP values per feature across the entire dataset.,By dropping the feature and measuring the accuracy drop.,By fitting a deep neural network to the SHAP outputs.,B,Global importance is found by averaging the absolute Shapley values per feature across the entire dataset.,medium
156,8,Local Model-Agnostic Methods,"In a SHAP Summary Plot, what does the horizontal x-axis represent?",The SHAP value (degree and direction of the feature's influence on the prediction).,The original scale of the dataset's features.,The frequency count of the data points.,The global average prediction.,A,"The X-axis represents the SHAP value, showing the degree and direction of influence on the prediction.",easy
157,8,Local Model-Agnostic Methods,"In a SHAP Summary Plot, what is encoded by the color of each dot?",The probability of the model's prediction.,"The actual original value of that feature for the corresponding data point (e.g., low vs. high).",Whether the feature is categorical or numerical.,The RBF kernel weight of the point.,B,"The color encodes the original value of the feature (e.g., red for high values, blue for low values).",medium
158,8,Local Model-Agnostic Methods,"If a SHAP Summary Plot shows a cluster of red dots (high feature values) on the far negative side of the SHAP value x-axis, what does this indicate?",Higher values of that feature push the model's prediction lower.,Higher values of that feature push the model's prediction higher.,The feature has absolutely no impact on the model.,The feature is perfectly uncorrelated.,A,"Red dots (high values) on the negative side mean that as the feature value increases, the model's prediction decreases.",medium
159,8,Local Model-Agnostic Methods,A SHAP Dependence Plot places the raw feature value on the x-axis. What does it place on the y-axis?,The PDP average prediction.,The feature's corresponding Shapley value for each instance.,The accumulated local effect.,The global baseline probability.,B,A SHAP Dependence plot places the raw feature value on the X-axis and its corresponding SHAP value on the Y-axis.,easy
160,8,Local Model-Agnostic Methods,"What is a specific limitation regarding the ""additive nature"" of SHAP values?",They cannot be added together.,They require exactly 10 features to work.,"They might not fully capture complex, non-linear interactions between features, leading to oversimplified explanations.",They only output positive values.,C,"The additive nature of SHAP might oversimplify and fail to fully capture complex, non-linear feature interactions.",medium
161,9,Neural Network Interpretation,Convolutional Neural Networks (CNNs) eliminate the need for manual feature engineering because they automatically learn high-level features. What do the early layers of a CNN typically detect?,Complex objects like faces and cars.,Semantic concepts like 'person' or 'animal'.,Simple features like edges and textures.,The final class probability.,C,Early layers in a CNN detect simple features like edges and textures.,easy
162,9,Neural Network Interpretation,"In Neural Network Interpretation, what is the primary goal of ""Feature Visualization""?",To explain how specific input pixels influenced the final prediction.,To compute Shapley values for the pixels.,To understand what a network detects by generating inputs that maximally activate specific neurons.,To compress the neural network into a smaller decision tree.,C,Feature Visualization aims to understand what a network detects by maximizing neuron activations.,easy
163,9,Neural Network Interpretation,"In Neural Network Interpretation, what is the primary goal of ""Pixel Attribution"" (Saliency Maps)?",To find images in the training set that maximize an internal neuron.,To explain how specific input pixels influenced a specific output prediction.,To replace the CNN with a global surrogate model.,To apply cooperative game theory to text data.,B,Pixel Attribution (like Saliency Maps) aims to explain how specific input pixels influenced a specific prediction.,easy
164,9,Neural Network Interpretation,Pixel attribution is considered a special case of feature attribution where the features are:,The weights of the fully connected layers.,The individual pixels or regions of an image.,The hyperparameters of the CNN.,The categorical variables in the dataset.,B,"It is a special case of feature attribution specific to images, where the features are individual pixels or regions.",easy
165,9,Neural Network Interpretation,"Gradient-based methods (like Grad-CAM) are highly efficient because they require only a single backward pass. However, unlike LIME and SHAP, they have the limitation of being:",Model-agnostic,Unable to process images,Model-specific (requiring access to the model's internal gradients),Restricted to tabular data,C,Gradient-based methods are model-specific because they require access to the neural network's internal gradients via backpropagation.,medium
166,9,Neural Network Interpretation,Vanilla Gradient computes a saliency map by taking the gradient of the target class score ($S_c$) with respect to:,The final convolutional layer's activations.,The input image pixels ($X$).,The network's loss function.,The learning rate.,B,Vanilla Gradient computes the gradient of the class score with respect to the input pixels ($\partial S_c / \partial X$).,hard
167,9,Neural Network Interpretation,"In a Vanilla Gradient Saliency Map, what does a negative gradient value for a pixel indicate?",Increasing the pixel intensity increases the target class score.,Increasing the pixel intensity decreases the target class score.,The pixel has exactly zero influence on the prediction.,The pixel is part of the background.,B,Negative values indicate that increasing the pixel intensity decreases the target class score.,medium
168,9,Neural Network Interpretation,Grad-CAM generates a class-discriminative heatmap by calculating gradients flowing into which specific part of the network?,The input pixels directly.,The very first convolutional layer.,The last convolutional layer before the fully connected layers.,The final Softmax output layer.,C,Grad-CAM uses the gradients flowing into the last convolutional layer before the fully connected layers.,medium
169,9,Neural Network Interpretation,"In Step 5 of the Grad-CAM algorithm, the gradients $\frac{\partial y^c}{\partial A_{ij}^k}$ are processed to find the channel weights ($\alpha_k^c$). What mathematical operation is used to calculate these weights?",Global Average Pooling (averaging across the width and height dimensions),Maximum Pooling,Gaussian RBF weighting,Matrix inversion,A,The weights are calculated using Global Average Pooling (averaging the gradients across the width and height).,hard
170,9,Neural Network Interpretation,"What is the final activation function applied to the weighted sum of feature maps in Grad-CAM, ensuring only features with a positive influence are highlighted?",Sigmoid,Tanh,Softmax,ReLU,D,A ReLU activation is applied to the weighted sum to ensure only features with a positive influence on the class are highlighted.,hard
171,9,Neural Network Interpretation,"Why is Grad-CAM's generated heatmap often considered ""coarse-grained""?",Because it relies on LIME superpixels.,"Because it is generated from the spatial resolution of the last convolutional layer, which is much smaller than the original image (e.g., 14x14).",Because it uses vanilla gradients which add noise.,Because it randomly permutes pixels.,B,"Because the last convolutional layer is much smaller than the input image, the resulting map is low-resolution when upsampled.",medium
172,9,Neural Network Interpretation,What is a primary limitation of Guided Backpropagation / Vanilla Gradients?,"They produce very low-resolution, blurry images.","They have no semantic focus, producing high-resolution but noisy maps that highlight irrelevant pixels.",They require the model to be a Random Forest.,They can only be used on 1D tabular data.,B,"Vanilla Gradients highlight pixel-level details but lack semantic focus, generating noisy maps that highlight irrelevant pixels.",medium
173,9,Neural Network Interpretation,Guided Grad-CAM is a fusion technique that combines the semantic focus of Grad-CAM with the pixel-level detail of Guided Backpropagation. How are the two outputs combined?,By adding them together.,By concatenating them into a wider vector.,By element-wise multiplication of the upsampled Grad-CAM map with the Guided Backpropagation map.,By training a surrogate linear model on both.,C,"They are combined via element-wise multiplication, using Grad-CAM as an attention filter over the Guided Backpropagation map.",hard
174,9,Neural Network Interpretation,"Which of the following is a known disadvantage of using the ""Search Through Training Images"" method for Feature Visualization?",It requires extensive hyperparameter optimization.,"High-activation images may contain multiple features (correlations), making it unclear which specific feature the neuron actually detects.",It cannot be used on convolutional neural networks.,It relies heavily on Shapley values.,B,"High-activation training images may contain multiple correlations, making it hard to isolate exactly what the neuron is detecting.",medium
175,9,Neural Network Interpretation,Feature Visualization via Optimization aims to isolate a neuron's true triggers by starting with random noise and updating the image using:,Gradient Descent to minimize the target class score.,Gradient Ascent to maximize the specific neuron's activation.,Decision tree pruning.,LIME permutations.,B,It uses Gradient Ascent to update the image in the direction that maximizes the target neuron's activation.,medium
176,9,Neural Network Interpretation,"DeepDream is a feature visualization technique that processes the image at multiple scales. What are these scales called, which introduce fractal-like patterns?",Coalitions,Superpixels,Octaves,Bins,C,Processing the image at multiple scales in DeepDream is called using Octaves.,easy
177,9,Neural Network Interpretation,"In DeepDream, if you optimize the lower layers of the CNN, the resulting image will typically amplify:",Complex objects like faces and eyes.,Edges and textures.,The average pixel intensity.,Text and numbers.,B,"Lower layers in DeepDream enhance simple structures like edges and textures, while higher layers enhance complex objects.",medium
178,9,Neural Network Interpretation,What is the main goal of Network Dissection?,To physically remove useless neurons from a network to compress it.,"To associate individual neurons with human-understandable visual concepts (like objects, textures, colors).",To train a LIME surrogate on a CNN.,To compute the Durbin-Watson statistic for deep networks.,B,Network Dissection interprets CNNs by associating their internal neurons with human-labeled concepts.,easy
179,9,Neural Network Interpretation,"The first step of Network Dissection requires a dataset with dense, pixel-wise labels for various concepts. Which dataset is explicitly mentioned in the text for this purpose?",ImageNet,CIFAR-10,Broden,MNIST,C,The Broden dataset (Broadly and Densely Labeled Dataset) is used because it provides dense pixel-wise labels for concepts.,easy
180,9,Neural Network Interpretation,"During Network Dissection, the activation map is binarized to create a mask. A pixel is turned ""on"" if its activation exceeds a threshold $T_k$. How is $T_k$ determined?",It is the global mean of all activations.,It is exactly zero (using ReLU).,It is the 0.995-quantile level of activations over all images.,It is set randomly for each image.,C,$T_k$ is determined as the 0.995-quantile level of activations over all images in the dataset.,hard
181,9,Neural Network Interpretation,What metric does Network Dissection use to quantify the alignment between a neuron's binarized activation mask and the human-annotated ground truth mask?,Peak Signal-to-Noise Ratio (PSNR),Intersection over Union (IoU),Mean Squared Error (MSE),Accuracy,B,It uses the Intersection over Union (IoU) to quantify the overlap between the activation mask and the human annotation.,medium
182,9,Neural Network Interpretation,"If the Intersection over Union (IoU) between a neuron's activation mask and the concept ""dog"" is very high, what does this imply?",The neuron heavily relies on background noise.,"The neuron has learned to act as a detector for the concept of a ""dog"".",The neuron is completely inactive.,The network is overfitting.,B,"A high IoU means the neuron's activation strongly aligns with the concept, acting as a detector for 'dog'.",easy
183,7,Global Model-Agnostic Methods,"When analyzing the case study for the Boston dataset, what happens to the LOFO importance of the feature lstat if a perfectly identical duplicate feature (dup_lstat) is added to the dataset?",Its LOFO importance drops drastically because removing lstat causes no drop in model performance due to the duplicate.,Its LOFO importance doubles because it is now represented twice.,The LOFO algorithm crashes.,The model's overall MSE is cut in half.,A,"Removing lstat does not reduce performance because dup_lstat retains the information, resulting in a low (or zero) LOFO importance score.",hard
184,8,Local Model-Agnostic Methods,"In the KernelSHAP algorithm, before getting the complex model predictions, what must be done to the coalition vectors $Z_k'$ (which contain 0s and 1s)?",They must be inverted.,"They must be converted back to the original feature space (e.g., replacing 0s with background/absent values).",They must be multiplied by the LOFO importance.,They must be passed through a ReLU function.,B,The binary vectors $Z'$ must be mapped/converted back to the original feature space before getting predictions from the complex model.,hard
185,8,Local Model-Agnostic Methods,"In SHAP weighting $\pi_x(Z')$, what does the term $|Z'|$ represent?",The absolute value of the model prediction.,The total number of features available in the dataset.,The number of features present (value of 1) in the coalition vector $Z'$.,The global average pooling output.,C,"$|Z'|$ represents the number of features present (i.e., the number of 1s) in the coalition vector.",medium
186,8,Local Model-Agnostic Methods,Which local agnostic method explicitly relies on defining a distance metric and a kernel width to give higher weights to variations closer to the original instance?,Grad-CAM,DeepDream,LIME,Network Dissection,C,LIME calculates distances and assigns weights using a Gaussian RBF kernel to ensure local fidelity.,easy
187,9,Neural Network Interpretation,"Which method acts as an ""attention filter"" by multiplying a coarse-grained localization map with a high-resolution pixel gradient map?",Vanilla Gradient,Guided Grad-CAM,ALE,KernelSHAP,B,Guided Grad-CAM multiplies the coarse Grad-CAM map with the detailed Guided Backpropagation map.,medium
188,7,Global Model-Agnostic Methods,"In ALE plot calculation, for a specific interval with boundaries $a_k$ and $a_{k+1}$, how is the prediction difference $\Delta f_i$ calculated for an instance?",$f(x \text{ with feature replaced by } a_{k+1}) - f(x \text{ with feature replaced by } a_k)$,$f(x_{orig}) - f(x_{mean})$,The difference between the SHAP value and the LIME coefficient.,$f(x \text{ with feature permuted}) - f(x_{orig})$,A,$\Delta f_i$ is calculated by finding the difference in predictions when replacing the feature with the upper limit ($a_{k+1}$) and the lower limit ($a_k$) of the interval.,hard
189,8,Local Model-Agnostic Methods,"According to the SHAP framework, the sum of all Shapley values for an instance plus the base value ($\phi_0$) equals:",Exactly 1.0,The original model's actual prediction for that instance.,The average loss of the model.,The global permutation importance.,B,SHAP's linear approximation dictates that the base value plus the sum of all Shapley values equals the actual prediction for that instance.,hard
190,7,Global Model-Agnostic Methods,Why is the ALE plot method considered more computationally efficient than generating a full Partial Dependence Plot?,It only evaluates data instances within specific localized intervals rather than computing combinations for every instance across every feature value.,It runs purely on a single layer of a neural network.,It relies on dropping features rather than perturbing them.,It uses random noise to bypass predictions entirely.,A,"ALE focuses on local intervals and averages only the instances within that interval, avoiding full dataset computations for every unique value.",medium
191,8,Local Model-Agnostic Methods,"When applying LIME to a medical X-ray image (as shown in the lecture slides), what visual artifact is generated to show the explanation?",A 1D line chart showing probability drop.,A decision tree diagram.,"An image highlighting the specific superpixels (e.g., parts of the lung) that contributed to the pneumonia prediction.",A global scatter plot of all patient data.,C,LIME highlights the specific superpixels (image segments) that contributed to the model's diagnosis.,easy
192,7,Global Model-Agnostic Methods,Which global method requires you to know the true ground-truth predictions to calculate the error ratio?,Permutation Feature Importance (PFI),Partial Dependence Plot (PDP),Individual Conditional Expectation (ICE),Grad-CAM,A,PFI requires the true predictions (ground truth) to calculate the actual model error before and after permutation.,easy
193,7,Global Model-Agnostic Methods,"In a Global Surrogate Model, if the prediction histogram of the surrogate model (e.g., Logistic Regression) matches the prediction histogram of the black-box model (e.g., Random Forest) closely, this visualizes that:",The models are overfitting.,The surrogate model is approximating the black-box model's behavior well.,The black-box model should be discarded.,LIME must be used instead.,B,Comparable histograms show that the surrogate model is accurately mimicking the distribution of the black-box model's predictions.,medium
194,8,Local Model-Agnostic Methods,"In the KernelSHAP equation for calculating the weight of a coalition, the denominator contains the binomial coefficient $\binom{M}{|Z'|}$. What does $M$ represent?",The total number of features.,The total number of data instances.,The maximum target value.,The Mean Absolute Error.,A,$M$ represents the total number of features available in the model.,hard
195,8,Local Model-Agnostic Methods,"If you want a theoretically grounded explanation that distributes prediction payouts fairly based on game theory, which method should you choose?",PDP,LIME,SHAP,Guided Backpropagation,C,SHAP is directly rooted in game theory (Shapley values) and guarantees a fair distribution of the prediction payout.,easy
196,8,Local Model-Agnostic Methods,"If you need a very fast, intuitive, and highly selective local explanation using a sparse linear model for a single tabular data point, which method is most practical to start with?",LIME,Network Dissection,Global Surrogate,ICE Plots,A,"LIME is explicitly designed to fit sparse, highly interpretable linear models locally around a specific instance quickly.",easy
197,7,Global Model-Agnostic Methods,"Which of the following correctly describes the ""Conditional PFI"" approach?",It drops the feature entirely to calculate importance.,"It permutes a feature conditionally based on the distribution of related features, ensuring generated data points are realistic.",It computes the gradient of the feature and multiplies it by the input.,It applies Shapley values to global models.,B,Conditional PFI permutes a feature based on the conditional distribution of related features to keep generated data points realistic and unbiased.,hard
198,9,Neural Network Interpretation,"In Grad-CAM, if the gradients flowing into a feature map result in a negative $\alpha_k^c$ weight, what happens during the final ReLU step?",The feature map is inverted.,"The feature map contributes negatively to the pre-ReLU sum, and if the overall sum is negative, ReLU clamps it to zero.",The feature map is multiplied by -1 to make it positive.,The feature map is highlighted in red.,B,"A negative weight makes the feature map's sum negative, and the final ReLU activation will clamp it to zero (ignoring negative influences).",hard
199,8,Local Model-Agnostic Methods,"What does the ""base value"" or ""baseline"" represent in the context of Shapley values for an ML model?",The prediction made if all numerical values are zero.,The average prediction the model makes across all instances in the dataset.,The minimum possible output of the neural network.,The raw pixel intensity of the background.,B,The base value ($\phi_0$) is the average prediction the model makes across all instances in the dataset.,medium
200,9,Neural Network Interpretation,"In Network Dissection, what does a forward pass through the target CNN layer output before it is upsampled and compared to the segmentation mask?",A Shapley base value.,A sparse linear combination of superpixels.,A lower-resolution activation map for a specific unit/channel.,A global surrogate decision tree.,C,"The forward pass outputs a possibly lower-resolution activation map for the unit, which is then upsampled to match the original image.",hard
